round_epochs,val_loss,val_acc,loss,acc,optimizer
15,0.1580326569920593,0.9588097932226438,0.22291387637070945,0.940644448968758,<keras.optimizers.RMSprop object at 0x000001FA8014A780>
